Seed,Objective_Type,Tuning_Profile,Controller_Type,GS_Method,Iteration,PSO_Cost,PSO_Time,TPE_Cost,TPE_Time,CMA-ES_Cost,CMA-ES_Time,GWO_Cost,GWO_Time
None,time_domain_objective,balanced,classic,None,1,0.36433143504007887,7.191250324249268,0.48304488720467254,0.567456,0.3380386783905728,1.935665,0.2945625943808084,3.755893900000956
None,time_domain_objective,balanced,classic,None,2,0.3573836667961588,10.416495561599731,0.48304488720467254,0.49292,0.3380386783905728,2.059477,0.28519749171602576,7.591466700017918
None,time_domain_objective,balanced,classic,None,3,0.31924672537273857,13.576148509979248,0.4555452006826111,0.985263,0.3380386783905728,1.654935,0.28404460367358364,11.481134600006044
None,time_domain_objective,balanced,classic,None,4,0.31924672537273857,16.717665195465088,0.4341840824519014,0.783455,0.3380386783905728,1.992931,0.282912414541553,15.284063099999912
None,time_domain_objective,balanced,classic,None,5,0.31924672537273857,19.95528483390808,0.4341840824519014,0.990268,0.3380386783905728,2.015778,0.2820551595966879,19.071215999952983
None,time_domain_objective,balanced,classic,None,6,0.31924672537273857,22.998979568481445,0.4341840824519014,1.183234,0.3380386783905728,2.061486,0.28171911966323704,22.853441899933387
None,time_domain_objective,balanced,classic,None,7,0.31924672537273857,25.95769238471985,0.4341840824519014,1.724955,0.3380386783905728,2.075287,0.2816785324692321,26.619595399941318
None,time_domain_objective,balanced,classic,None,8,0.31924672537273857,28.935778379440308,0.4341840824519014,2.102868,0.3380386783905728,1.874575,0.2816683048028905,30.391502299928106
None,time_domain_objective,balanced,classic,None,9,0.31924672537273857,31.909688711166382,0.4341840824519014,2.502731,0.3380386783905728,2.059477,0.28160582339197354,34.15483429993037
None,time_domain_objective,balanced,classic,None,10,0.31924672537273857,35.015828371047974,0.4341840824519014,2.278084,0.3380386783905728,2.025932,0.28160582339197354,37.9469941999414
None,time_domain_objective,balanced,classic,None,11,0.31924672537273857,39.592211961746216,0.4341840824519014,2.262141,0.3380386783905728,2.0812,0.28160582339197354,41.71943009993993
None,time_domain_objective,balanced,classic,None,12,0.31924672537273857,43.15932750701904,0.4341840824519014,2.609173,0.3380386783905728,4.43654,0.28160582339197354,45.44918619998498
None,time_domain_objective,balanced,classic,None,13,0.3128701190435496,46.91417145729065,0.4341840824519014,3.104442,0.3380386783905728,4.420458,0.28160582339197354,49.218225899967365
None,time_domain_objective,balanced,classic,None,14,0.3128701190435496,50.54908013343811,0.4341840824519014,2.995302,0.3380386783905728,4.474766,0.28160164929422676,52.98039559996687
None,time_domain_objective,balanced,classic,None,15,0.3128701190435496,54.15000581741333,0.4341840824519014,3.087604,0.3380386783905728,4.419444,0.2815911840765281,56.748364899947774
None,time_domain_objective,balanced,classic,None,16,0.3128701190435496,57.802485942840576,0.4341840824519014,3.506092,0.3380386783905728,4.387846,0.2815904877365707,60.49143669992918
None,time_domain_objective,balanced,classic,None,17,0.3128701190435496,61.06486654281616,0.4341840824519014,3.891044,0.3380386783905728,4.492555,0.2815904877365707,64.30970769992564
None,time_domain_objective,balanced,classic,None,18,0.3128701190435496,64.24725651741028,0.4341840824519014,3.891044,0.3380386783905728,4.474766,0.2815821931621147,68.09233659994788
None,time_domain_objective,balanced,classic,None,19,0.3128701190435496,67.41962027549744,0.4341840824519014,3.967465,0.3380386783905728,4.474766,0.2815821931621147,71.87803649995476
None,time_domain_objective,balanced,classic,None,20,0.3128701190435496,70.59163880348206,0.3822767544624821,5.297894,0.3380386783905728,4.387846,0.2815821931621147,75.61028229992371
None,time_domain_objective,balanced,classic,None,21,0.3128701190435496,73.70517420768738,0.3822767544624821,5.15262,0.3380386783905728,4.420458,0.28158198305526877,79.38895509991562
None,time_domain_objective,balanced,classic,None,22,0.3128701190435496,76.75937008857727,0.3822767544624821,5.168709,0.3380386783905728,4.403564,0.28158198305526877,83.16726569994353
None,time_domain_objective,balanced,classic,None,23,0.3128701190435496,79.92337417602539,0.3822767544624821,4.107432,0.3380386783905728,4.418095,0.2815811819659803,86.93034209992038
None,time_domain_objective,balanced,classic,None,24,0.3128701190435496,83.00832152366638,0.3822767544624821,5.297894,0.3380386783905728,6.092976,0.2815811819659803,90.71734159992775
None,time_domain_objective,balanced,classic,None,25,0.3128701190435496,86.07131171226501,0.3822767544624821,5.297894,0.3380386783905728,5.677255,0.2815811819659803,94.53074629994808
None,time_domain_objective,balanced,classic,None,26,0.3128701190435496,89.12527060508728,0.3822767544624821,5.241067,0.3380386783905728,6.279049,0.28158029036432125,98.32263669994427
None,time_domain_objective,balanced,classic,None,27,0.3128701190435496,92.17290997505188,0.3822767544624821,5.297894,0.3380386783905728,5.844046,0.28158029036432125,102.10617399995681
None,time_domain_objective,balanced,classic,None,28,0.3128701190435496,95.18610692024231,0.3822767544624821,5.515081,0.3380386783905728,5.693628,0.28158029036432125,105.90245860000141
None,time_domain_objective,balanced,classic,None,29,0.3128701190435496,98.28827929496765,0.3822767544624821,6.000528,0.3380386783905728,6.410356,0.28158029036432125,109.68689479999011
None,time_domain_objective,balanced,classic,None,30,0.3128701190435496,101.36244678497314,0.3822767544624821,6.09419,0.3380386783905728,8.01595,0.28158029036432125,113.48952199995983
None,time_domain_objective,balanced,classic,None,31,0.3128701190435496,104.37483859062195,0.3822767544624821,6.136413,0.3380386783905728,8.162962,0.28158029036432125,117.25016649992904
None,time_domain_objective,balanced,classic,None,32,0.3128701190435496,107.41822123527527,0.3822767544624821,6.321886,0.3380386783905728,8.738013,0.28158029036432125,121.19540059991414
None,time_domain_objective,balanced,classic,None,33,0.3128701190435496,110.41600155830383,0.38025210703062096,7.03086,0.3380386783905728,8.108226,0.28158029036432125,125.03784329991322
None,time_domain_objective,balanced,classic,None,34,0.3128701190435496,113.49736332893372,0.38025210703062096,6.535945,0.3380386783905728,7.978498,0.28158029036432125,128.85881389991846
None,time_domain_objective,balanced,classic,None,35,0.3128701190435496,116.51903653144836,0.38025210703062096,7.137275,0.3380386783905728,7.96156,0.28158029036432125,132.61301749991253
None,time_domain_objective,balanced,classic,None,36,0.3128701190435496,119.52494192123413,0.38025210703062096,7.691361,0.3380386783905728,6.96042,0.28158029036432125,136.39311229990562
None,time_domain_objective,balanced,classic,None,37,0.3128701190435496,122.51135897636414,0.38025210703062096,7.731904,0.3380386783905728,8.226491,0.28158029036432125,140.19956609990913
None,time_domain_objective,balanced,classic,None,38,0.3128701190435496,125.5091073513031,0.38025210703062096,7.739769,0.3380386783905728,7.733986,0.2815795070288394,143.98233029991388
None,time_domain_objective,balanced,classic,None,39,0.3128701190435496,128.5627031326294,0.38025210703062096,7.74777,0.3380386783905728,8.080058,0.2815795070288394,147.73223149986006
None,time_domain_objective,balanced,classic,None,40,0.3128701190435496,131.58910155296326,0.38025210703062096,7.906742,0.3380386783905728,7.878724,0.2815795070288394,151.57510939985514
None,time_domain_objective,balanced,classic,None,41,0.3128701190435496,134.5851719379425,0.38025210703062096,8.714346,0.3380386783905728,8.210465,0.2815795070288394,155.50138269987656
None,time_domain_objective,balanced,classic,None,42,0.3044728730877425,137.61377906799316,0.38025210703062096,8.670486,0.3380386783905728,8.738013,0.2815795070288394,159.28324589983094
None,time_domain_objective,balanced,classic,None,43,0.3044728730877425,140.6605260372162,0.38025210703062096,8.712344,0.3380386783905728,9.54351,0.281578933701597,163.02460339985555
None,time_domain_objective,balanced,classic,None,44,0.3044728730877425,143.69946336746216,0.38025210703062096,8.687635,0.3380386783905728,9.086324,0.2815788966579333,166.81150299985893
None,time_domain_objective,balanced,classic,None,45,0.3044728730877425,146.72107005119324,0.38025210703062096,8.911368,0.3380386783905728,9.457891,0.2815788966579333,170.57640279986663
None,time_domain_objective,balanced,classic,None,46,0.3044728730877425,149.72731566429138,0.38025210703062096,9.173111,0.3380386783905728,9.457891,0.2815788966579333,174.35348829987925
None,time_domain_objective,balanced,classic,None,47,0.3044728730877425,152.72939229011536,0.38025210703062096,9.394132,0.3380386783905728,9.54351,0.281578879281066,178.10432039992884
None,time_domain_objective,balanced,classic,None,48,0.3044728730877425,155.76789498329163,0.38025210703062096,10.12361,0.3380386783905728,9.54351,0.2815788401881491,181.90746359992772
None,time_domain_objective,balanced,classic,None,49,0.3044728730877425,158.81247305870056,0.38025210703062096,9.801598,0.3380386783905728,9.54351,0.2815788215171604,185.68556149996584
None,time_domain_objective,balanced,classic,None,50,0.3044728730877425,161.7892289161682,0.38025210703062096,9.875675,0.3380386783905728,9.54351,0.2815788215171604,189.46226409997325
None,time_domain_objective,balanced,classic,None,51,0.3044728730877425,161.7892289161682,0.38025210703062096,10.235902,0.3380386783905728,9.54351,0.2815788215171604,189.46226409997325
None,time_domain_objective,balanced,classic,None,52,0.3044728730877425,161.7892289161682,0.38025210703062096,10.297347,0.3380386783905728,9.54351,0.2815788215171604,189.46226409997325
None,time_domain_objective,balanced,classic,None,53,0.3044728730877425,161.7892289161682,0.38025210703062096,10.770072,0.3380386783905728,9.54351,0.2815788215171604,189.46226409997325
None,time_domain_objective,balanced,classic,None,54,0.3044728730877425,161.7892289161682,0.38025210703062096,10.832073,0.3380386783905728,9.54351,0.2815788215171604,189.46226409997325
None,time_domain_objective,balanced,classic,None,55,0.3044728730877425,161.7892289161682,0.38025210703062096,10.904097,0.3380386783905728,9.54351,0.2815788215171604,189.46226409997325
None,time_domain_objective,balanced,classic,None,56,0.3044728730877425,161.7892289161682,0.38025210703062096,11.233722,0.3380386783905728,9.54351,0.2815788215171604,189.46226409997325
None,time_domain_objective,balanced,classic,None,57,0.3044728730877425,161.7892289161682,0.38025210703062096,11.298836,0.3380386783905728,9.54351,0.2815788215171604,189.46226409997325
None,time_domain_objective,balanced,classic,None,58,0.3044728730877425,161.7892289161682,0.3202751309610169,11.501744,0.3380386783905728,9.54351,0.2815788215171604,189.46226409997325
None,time_domain_objective,balanced,classic,None,59,0.3044728730877425,161.7892289161682,0.31698721506676275,12.089955,0.3380386783905728,9.54351,0.2815788215171604,189.46226409997325
None,time_domain_objective,balanced,classic,None,60,0.3044728730877425,161.7892289161682,0.29447651030234717,11.697536,0.3380386783905728,9.54351,0.2815788215171604,189.46226409997325
None,time_domain_objective,balanced,classic,None,61,0.3044728730877425,161.7892289161682,0.29447651030234717,12.089955,0.3380386783905728,9.54351,0.2815788215171604,189.46226409997325
None,time_domain_objective,balanced,classic,None,62,0.3044728730877425,161.7892289161682,0.29447651030234717,12.677325,0.3380386783905728,9.54351,0.2815788215171604,189.46226409997325
None,time_domain_objective,balanced,classic,None,63,0.3044728730877425,161.7892289161682,0.29447651030234717,12.661387,0.3380386783905728,9.54351,0.2815788215171604,189.46226409997325
None,time_domain_objective,balanced,classic,None,64,0.3044728730877425,161.7892289161682,0.29447651030234717,12.697541,0.3380386783905728,9.54351,0.2815788215171604,189.46226409997325
None,time_domain_objective,balanced,classic,None,65,0.3044728730877425,161.7892289161682,0.29447651030234717,12.902453,0.3380386783905728,9.54351,0.2815788215171604,189.46226409997325
None,time_domain_objective,balanced,classic,None,66,0.3044728730877425,161.7892289161682,0.29447651030234717,13.537034,0.3380386783905728,9.54351,0.2815788215171604,189.46226409997325
None,time_domain_objective,balanced,classic,None,67,0.3044728730877425,161.7892289161682,0.29447651030234717,13.444504,0.3380386783905728,9.54351,0.2815788215171604,189.46226409997325
None,time_domain_objective,balanced,classic,None,68,0.3044728730877425,161.7892289161682,0.29447651030234717,13.674625,0.3380386783905728,9.54351,0.2815788215171604,189.46226409997325
None,time_domain_objective,balanced,classic,None,69,0.3044728730877425,161.7892289161682,0.29447651030234717,13.887744,0.3380386783905728,9.54351,0.2815788215171604,189.46226409997325
None,time_domain_objective,balanced,classic,None,70,0.3044728730877425,161.7892289161682,0.29447651030234717,13.903613,0.3380386783905728,9.54351,0.2815788215171604,189.46226409997325
None,time_domain_objective,balanced,classic,None,71,0.3044728730877425,161.7892289161682,0.29447651030234717,14.422579,0.3380386783905728,9.54351,0.2815788215171604,189.46226409997325
None,time_domain_objective,balanced,classic,None,72,0.3044728730877425,161.7892289161682,0.29447651030234717,14.833246,0.3380386783905728,9.54351,0.2815788215171604,189.46226409997325
None,time_domain_objective,balanced,classic,None,73,0.3044728730877425,161.7892289161682,0.29447651030234717,14.833246,0.3380386783905728,9.54351,0.2815788215171604,189.46226409997325
None,time_domain_objective,balanced,classic,None,74,0.3044728730877425,161.7892289161682,0.29447651030234717,14.833246,0.3380386783905728,9.54351,0.2815788215171604,189.46226409997325
None,time_domain_objective,balanced,classic,None,75,0.3044728730877425,161.7892289161682,0.29447651030234717,14.833246,0.3380386783905728,9.54351,0.2815788215171604,189.46226409997325
